-- --------------------------------------------------------
-- Host:                         127.0.0.1
-- Server version:               8.0.30 - MySQL Community Server - GPL
-- Server OS:                    Win64
-- HeidiSQL Version:             12.1.0.6537
-- --------------------------------------------------------

/*!40101 SET @OLD_CHARACTER_SET_CLIENT=@@CHARACTER_SET_CLIENT */;
/*!40101 SET NAMES utf8 */;
/*!50503 SET NAMES utf8mb4 */;
/*!40103 SET @OLD_TIME_ZONE=@@TIME_ZONE */;
/*!40103 SET TIME_ZONE='+00:00' */;
/*!40014 SET @OLD_FOREIGN_KEY_CHECKS=@@FOREIGN_KEY_CHECKS, FOREIGN_KEY_CHECKS=0 */;
/*!40101 SET @OLD_SQL_MODE=@@SQL_MODE, SQL_MODE='NO_AUTO_VALUE_ON_ZERO' */;
/*!40111 SET @OLD_SQL_NOTES=@@SQL_NOTES, SQL_NOTES=0 */;


-- Dumping database structure for knn
CREATE DATABASE IF NOT EXISTS `knn` /*!40100 DEFAULT CHARACTER SET utf8mb4 COLLATE utf8mb4_0900_ai_ci */ /*!80016 DEFAULT ENCRYPTION='N' */;
USE `knn`;

-- Dumping structure for table knn.baskets
CREATE TABLE IF NOT EXISTS `baskets` (
  `id` bigint unsigned NOT NULL AUTO_INCREMENT,
  `id_employees` bigint unsigned NOT NULL,
  `id_item` bigint unsigned NOT NULL,
  `jumlah` int NOT NULL DEFAULT '1',
  `harga` int NOT NULL,
  `diskon` int NOT NULL DEFAULT '0',
  `created_at` timestamp NULL DEFAULT NULL,
  `updated_at` timestamp NULL DEFAULT NULL,
  PRIMARY KEY (`id`),
  KEY `baskets_id_employees_foreign` (`id_employees`),
  KEY `baskets_id_item_foreign` (`id_item`),
  CONSTRAINT `baskets_id_employees_foreign` FOREIGN KEY (`id_employees`) REFERENCES `employees` (`id`),
  CONSTRAINT `baskets_id_item_foreign` FOREIGN KEY (`id_item`) REFERENCES `items` (`id`)
) ENGINE=InnoDB DEFAULT CHARSET=utf8mb4 COLLATE=utf8mb4_unicode_ci;

-- Dumping data for table knn.baskets: ~0 rows (approximately)

-- Dumping structure for table knn.cache
CREATE TABLE IF NOT EXISTS `cache` (
  `key` varchar(255) COLLATE utf8mb4_unicode_ci NOT NULL,
  `value` mediumtext COLLATE utf8mb4_unicode_ci NOT NULL,
  `expiration` int NOT NULL,
  PRIMARY KEY (`key`)
) ENGINE=InnoDB DEFAULT CHARSET=utf8mb4 COLLATE=utf8mb4_unicode_ci;

-- Dumping data for table knn.cache: ~0 rows (approximately)

-- Dumping structure for table knn.cache_locks
CREATE TABLE IF NOT EXISTS `cache_locks` (
  `key` varchar(255) COLLATE utf8mb4_unicode_ci NOT NULL,
  `owner` varchar(255) COLLATE utf8mb4_unicode_ci NOT NULL,
  `expiration` int NOT NULL,
  PRIMARY KEY (`key`)
) ENGINE=InnoDB DEFAULT CHARSET=utf8mb4 COLLATE=utf8mb4_unicode_ci;

-- Dumping data for table knn.cache_locks: ~0 rows (approximately)

-- Dumping structure for table knn.employees
CREATE TABLE IF NOT EXISTS `employees` (
  `id` bigint unsigned NOT NULL AUTO_INCREMENT,
  `name` varchar(255) COLLATE utf8mb4_unicode_ci NOT NULL,
  `email` varchar(255) COLLATE utf8mb4_unicode_ci NOT NULL,
  `nohp` varchar(255) COLLATE utf8mb4_unicode_ci NOT NULL,
  `still_working` tinyint NOT NULL DEFAULT '1',
  `active` tinyint NOT NULL DEFAULT '0',
  `created_at` timestamp NULL DEFAULT NULL,
  `updated_at` timestamp NULL DEFAULT NULL,
  PRIMARY KEY (`id`),
  UNIQUE KEY `employees_email_unique` (`email`)
) ENGINE=InnoDB AUTO_INCREMENT=6 DEFAULT CHARSET=utf8mb4 COLLATE=utf8mb4_unicode_ci;

-- Dumping data for table knn.employees: ~5 rows (approximately)
INSERT INTO `employees` (`id`, `name`, `email`, `nohp`, `still_working`, `active`, `created_at`, `updated_at`) VALUES
	(1, 'Pegawai 1', 'pegawai1@gmail.com', '081241050122', 1, 0, '2024-06-12 05:36:14', NULL),
	(2, 'Pegawai 2', 'pegawai2@gmail.com', '081265794170', 1, 0, '2024-06-12 05:36:14', NULL),
	(3, 'Pegawai 3', 'pegawai3@gmail.com', '081225413091', 1, 0, '2024-06-12 05:36:14', NULL),
	(4, 'Pegawai 4', 'pegawai4@gmail.com', '081277401655', 1, 0, '2024-06-12 05:36:14', NULL),
	(5, 'Pegawai 5', 'pegawai5@gmail.com', '081214750051', 1, 0, '2024-06-12 05:36:14', NULL);

-- Dumping structure for table knn.failed_jobs
CREATE TABLE IF NOT EXISTS `failed_jobs` (
  `id` bigint unsigned NOT NULL AUTO_INCREMENT,
  `uuid` varchar(255) COLLATE utf8mb4_unicode_ci NOT NULL,
  `connection` text COLLATE utf8mb4_unicode_ci NOT NULL,
  `queue` text COLLATE utf8mb4_unicode_ci NOT NULL,
  `payload` longtext COLLATE utf8mb4_unicode_ci NOT NULL,
  `exception` longtext COLLATE utf8mb4_unicode_ci NOT NULL,
  `failed_at` timestamp NOT NULL DEFAULT CURRENT_TIMESTAMP,
  PRIMARY KEY (`id`),
  UNIQUE KEY `failed_jobs_uuid_unique` (`uuid`)
) ENGINE=InnoDB DEFAULT CHARSET=utf8mb4 COLLATE=utf8mb4_unicode_ci;

-- Dumping data for table knn.failed_jobs: ~0 rows (approximately)

-- Dumping structure for table knn.items
CREATE TABLE IF NOT EXISTS `items` (
  `id` bigint unsigned NOT NULL AUTO_INCREMENT,
  `name` varchar(255) COLLATE utf8mb4_unicode_ci NOT NULL,
  `kode` varchar(255) COLLATE utf8mb4_unicode_ci DEFAULT NULL,
  `merek` varchar(255) COLLATE utf8mb4_unicode_ci DEFAULT NULL,
  `harga` int NOT NULL,
  `diskon` int NOT NULL DEFAULT '0',
  `stok` int NOT NULL,
  `created_at` timestamp NULL DEFAULT NULL,
  `updated_at` timestamp NULL DEFAULT NULL,
  PRIMARY KEY (`id`)
) ENGINE=InnoDB AUTO_INCREMENT=101 DEFAULT CHARSET=utf8mb4 COLLATE=utf8mb4_unicode_ci;

-- Dumping data for table knn.items: ~100 rows (approximately)
INSERT INTO `items` (`id`, `name`, `kode`, `merek`, `harga`, `diskon`, `stok`, `created_at`, `updated_at`) VALUES
	(1, 'Paking kop/head', '6F5-11181-A2', 'YAMAHA', 295000, 0, 4, '2024-06-12 13:59:58', NULL),
	(2, 'paking  kop/head', '6F5-11181-A1', 'YOMS', 130000, 0, 8, NULL, NULL),
	(3, 'paking vandasi mesin atas', '6F5-45113-A1', NULL, 230000, 0, 3, NULL, NULL),
	(4, 'paking vandasi mesin atas', '6F5-45113-A0', 'YOMS', 75000, 0, 20, NULL, NULL),
	(5, 'Paking vandasi mesin bawah', '6F5-45114-A1', NULL, 140000, 0, 3, NULL, NULL),
	(6, 'Paking vandasi mesin bawah', '676-45114-A1', 'YOMS', 55000, 0, 14, NULL, NULL),
	(7, 'Paking manifol dalam', '6F5-13646-A2', NULL, 115000, 0, 17, NULL, NULL),
	(8, 'Paking manifol dalam', '6F5-13646-A2', 'YOMS', 45000, 0, 9, NULL, NULL),
	(9, 'Paking manifol luar', '6F5-13645-A1', NULL, 115000, 0, 16, NULL, NULL),
	(10, 'Paking manifol luar', '6F5-13645-A1', 'YOMS', 45000, 0, 8, NULL, NULL),
	(11, 'Paking blok dalam', '6F5-41112-A0', NULL, 100000, 0, 10, NULL, NULL),
	(12, 'Paking blok dalam', '6F5-41112-A0', 'YOMS', 65000, 0, 16, NULL, NULL),
	(13, 'Paking blok luar', '6F5-41114-A0', NULL, 100000, 0, 11, NULL, NULL),
	(14, 'Paking blok luar', '6F5-41114-A0', 'YOMS', 50000, 0, 10, NULL, NULL),
	(15, 'Paking blok kop atas', '6F5-11193-A1', NULL, 130000, 0, 5, NULL, NULL),
	(16, 'Paking blok kop atas', '6F5-11193-A1', 'YOMS', 45000, 0, 7, NULL, NULL),
	(17, 'Paking asli', '676-44316-A1', 'YAMAHA', 50000, 0, 20, NULL, NULL),
	(18, 'Paking asli', '676-44315-A1', 'YAMAHA', 45000, 0, 7, NULL, NULL),
	(19, 'Paking asli', '676-44324-A1', 'YAMAHA', 45000, 0, 20, NULL, NULL),
	(20, 'Spare part asli', '6F5-13621-A1', 'YAMAHA', 37000, 0, 9, NULL, NULL),
	(21, 'paking manifol carburator', '6F5-14198-A1', NULL, 75000, 0, 13, NULL, NULL),
	(22, 'Paking manifol carburator', '6F5-14198-A1', 'YOMS', 45000, 0, 1, NULL, NULL),
	(23, 'Spare part', '6F5-14198-A1', 'YAMAHA', 110000, 0, 7, NULL, NULL),
	(24, 'Check valve', '676-41133-A1', NULL, 115000, 0, 4, NULL, NULL),
	(25, 'Spare part', '650-11370-01', 'YAMAHA', 130000, 0, 12, NULL, NULL),
	(26, 'Spare part', '6F6-11370-01', 'YAMAHA', 16000, 0, 5, NULL, NULL),
	(27, 'Ring spuyer', '1J2-14398-00', NULL, 6000, 0, 17, NULL, NULL),
	(28, 'Spare part', '90430-08003', 'YAMAHA', 15000, 0, 2, NULL, NULL),
	(29, 'Ring baut oli gardan', NULL, NULL, 6000, 0, 7, NULL, NULL),
	(30, 'Spy bulan', '90280-04M00', NULL, 55000, 0, 6, NULL, NULL),
	(31, 'Spy bulan', '90280-04M00', NULL, 30000, 0, 18, NULL, NULL),
	(32, 'Spy bulan', '90280-05049', NULL, 65000, 0, 10, NULL, NULL),
	(33, 'Spy bulan', '90280-05049', NULL, 4000, 0, 17, NULL, NULL),
	(34, 'Spare part asli', '676-45361-01-CA', 'YAMAHA', 500000, 0, 20, NULL, NULL),
	(35, 'Mangkok as pendek', '676-45361-01-94', NULL, 340000, 0, 8, NULL, NULL),
	(36, 'Plunyer carburator', '6F5-14370-02', NULL, 140000, 0, 20, NULL, NULL),
	(37, 'Plampung carburator bensin', '647-14385-00', NULL, 45000, 0, 4, NULL, NULL),
	(38, 'Plampung carburator MT', '6F6-14385-00', NULL, 20000, 0, 17, NULL, NULL),
	(39, 'Spare part asli', '6F5-14339-00', 'YAMAHA', 45000, 0, 8, NULL, NULL),
	(40, 'Spare part asli', '93210-32738', 'YAMAHA', 20000, 0, 1, NULL, NULL),
	(41, 'Spare part asli', '648-44146-00', 'YAMAHA', 90000, 0, 7, NULL, NULL),
	(42, 'Spare part asli', '6F5-14387-00', 'YAMAHA', 85000, 0, 3, NULL, NULL),
	(43, 'Spare part asli', '90149-06M00', 'YAMAHA', 85000, 0, 7, NULL, NULL),
	(44, 'Spare part asli', '6F5-15715-00', 'YAMAHA', 80000, 0, 14, NULL, NULL),
	(45, 'Saringan selang orange', NULL, NULL, 100000, 0, 15, NULL, NULL),
	(46, 'Engine stop komplit', '6E9-82575-02', 'YAMAHA', 435000, 0, 10, NULL, NULL),
	(47, 'Engine stop komplit', '6E9-82575-02', 'YOMS', 210000, 0, 7, NULL, NULL),
	(48, 'Spare part asli', '90430-06M03', 'YAMAHA', 10000, 0, 13, NULL, NULL),
	(49, 'Spare part asli', '90430-06M04', 'YAMAHA', 37000, 0, 18, NULL, NULL),
	(50, 'Spare part asli', '90430-06M05', 'YAMAHA', 57000, 0, 6, NULL, NULL),
	(51, 'Spare part asli', '90430-06M06', 'YAMAHA', 235000, 0, 5, NULL, NULL),
	(52, 'Jarum carburator komplit', '6F5-14390-20', 'YOMS', 85000, 0, 17, NULL, NULL),
	(53, 'Spare part asli', '6F5-14390-12', 'YAMAHA', 210000, 0, 18, NULL, NULL),
	(54, 'Spare part asli', '91690-30025', 'YAMAHA', 35000, 0, 4, NULL, NULL),
	(55, 'Spare part asli', '6F90116-06M17', 'YAMAHA', 55000, 0, 1, NULL, NULL),
	(56, 'Spare part asli', '6F5-15734-01', 'YAMAHA', 55000, 0, 14, NULL, NULL),
	(57, 'Spare part asli', '648-24424-00', 'YAMAHA', 30000, 0, 2, NULL, NULL),
	(58, 'Spare part asli', '648-24423-00', 'YAMAHA', 35000, 0, 19, NULL, NULL),
	(59, 'Spare part asli', '90243-04007', 'YAMAHA', 37000, 0, 18, NULL, NULL),
	(60, 'Spare part asli', '90501-12M36', 'YAMAHA', 39000, 0, 12, NULL, NULL),
	(61, 'Spare part asli', '90170-07021', 'YAMAHA', 21000, 0, 20, NULL, NULL),
	(62, 'Spare part asli', '90206-12052', 'YAMAHA', 30000, 0, 20, NULL, NULL),
	(63, 'Spare part asli', '080-10600', 'YAMAHA', 15000, 0, 17, NULL, NULL),
	(64, 'Spare part asli', '90386-12M37', 'YAMAHA', 135000, 0, 7, NULL, NULL),
	(65, 'Spare part asli', '6F5-44167-00', 'YAMAHA', 95000, 0, 7, NULL, NULL),
	(66, 'Spare part asli', '90109-06M12', 'YAMAHA', 42000, 0, 19, NULL, NULL),
	(67, 'Spare part asli', '90501-07M33', 'YAMAHA', 35000, 0, 14, NULL, NULL),
	(68, 'Spare part asli', '676-26391-00', 'YAMAHA', 46000, 0, 10, NULL, NULL),
	(69, 'Spare part asli', '6F5-42816-00', 'YAMAHA', 140000, 0, 19, NULL, NULL),
	(70, 'Spare part asli', '6E9-42651-01', 'YAMAHA', 155000, 0, 20, NULL, NULL),
	(71, 'Spare part asli', '6F5-42815-01-8D', 'YAMAHA', 250000, 0, 16, NULL, NULL),
	(72, 'Spare part asli', '6F5-41638-00', 'YAMAHA', 180000, 0, 9, NULL, NULL),
	(73, 'Spare part asli', '6F5-42126-00', 'YAMAHA', 130000, 0, 11, NULL, NULL),
	(74, 'Spare part asli', '6F5-41283-00', 'YAMAHA', 135000, 0, 4, NULL, NULL),
	(75, 'Handle transom', '663-43118-01-4D', 'YOMS', 100000, 0, 16, NULL, NULL),
	(76, 'Ring bintang', '676-45533-00', NULL, 39000, 0, 6, NULL, NULL),
	(77, 'Spare part asli', '90201-20417', NULL, 55000, 0, 15, NULL, NULL),
	(78, 'Ring gigi payung', '676-45587-00', NULL, 35000, 0, 1, NULL, NULL),
	(79, 'Spy pen piston', '688-11634-00', NULL, 25000, 0, 9, NULL, NULL),
	(80, 'Pen propeler', NULL, 'YOMS', 8000, 0, 8, NULL, NULL),
	(81, 'Oil as pendek asli', NULL, 'YAMAHA', 65000, 0, 10, NULL, '2024-06-13 05:25:10'),
	(82, 'Oil seal as pendek', NULL, 'YOMS', 18000, 0, 15, NULL, NULL),
	(83, 'Oil seal as panjang asli', NULL, 'YAMAHA', 75000, 0, 14, NULL, NULL),
	(84, 'Oil seal as panjang', NULL, 'YOMS', 20000, 0, 6, NULL, NULL),
	(85, 'Ring piston asli', NULL, 'YAMAHA', 220000, 0, 17, NULL, NULL),
	(86, 'Ring piston', NULL, 'YOMS', 120000, 0, 19, NULL, NULL),
	(87, 'Laher gigi maju', NULL, NULL, 180000, 0, 1, NULL, NULL),
	(88, 'Laher 18 NSK', NULL, NULL, 225000, 0, 19, NULL, NULL),
	(89, 'Laher 18 asli', NULL, 'YAMAHA', 400000, 0, 19, NULL, NULL),
	(90, 'Kabel CDI', NULL, 'YOMS', 300000, 0, 19, NULL, NULL),
	(91, 'Karet shockbreker  atas', NULL, 'YOMS', 155000, 0, 1, NULL, NULL),
	(92, 'Impeler karet asli', NULL, 'YAMAHA', 260000, 0, 18, NULL, NULL),
	(93, 'Impeler karet', NULL, 'YOMS', 135000, 0, 6, NULL, NULL),
	(94, 'Cok minyak slang prm asli', NULL, 'YAMAHA', 255000, 0, 16, NULL, NULL),
	(95, 'Kabel gas asli', NULL, 'YAMAHA', 160000, 0, 7, NULL, NULL),
	(96, 'Kabel gas', NULL, 'YOMS', 100000, 0, 9, NULL, NULL),
	(97, 'Filter bensin komp asli', NULL, 'YAMAHA', 230000, 0, 12, NULL, NULL),
	(98, 'Filter bensin  komp', NULL, 'YOMS', 165000, 0, 20, NULL, NULL),
	(99, 'Laher stan NTN', NULL, NULL, 110000, 0, 18, NULL, NULL),
	(100, 'Laher 3 susun NTN', NULL, NULL, 245000, 0, 15, NULL, NULL);

-- Dumping structure for table knn.jobs
CREATE TABLE IF NOT EXISTS `jobs` (
  `id` bigint unsigned NOT NULL AUTO_INCREMENT,
  `queue` varchar(255) COLLATE utf8mb4_unicode_ci NOT NULL,
  `payload` longtext COLLATE utf8mb4_unicode_ci NOT NULL,
  `attempts` tinyint unsigned NOT NULL,
  `reserved_at` int unsigned DEFAULT NULL,
  `available_at` int unsigned NOT NULL,
  `created_at` int unsigned NOT NULL,
  PRIMARY KEY (`id`),
  KEY `jobs_queue_index` (`queue`)
) ENGINE=InnoDB DEFAULT CHARSET=utf8mb4 COLLATE=utf8mb4_unicode_ci;

-- Dumping data for table knn.jobs: ~0 rows (approximately)

-- Dumping structure for table knn.job_batches
CREATE TABLE IF NOT EXISTS `job_batches` (
  `id` varchar(255) COLLATE utf8mb4_unicode_ci NOT NULL,
  `name` varchar(255) COLLATE utf8mb4_unicode_ci NOT NULL,
  `total_jobs` int NOT NULL,
  `pending_jobs` int NOT NULL,
  `failed_jobs` int NOT NULL,
  `failed_job_ids` longtext COLLATE utf8mb4_unicode_ci NOT NULL,
  `options` mediumtext COLLATE utf8mb4_unicode_ci,
  `cancelled_at` int DEFAULT NULL,
  `created_at` int NOT NULL,
  `finished_at` int DEFAULT NULL,
  PRIMARY KEY (`id`)
) ENGINE=InnoDB DEFAULT CHARSET=utf8mb4 COLLATE=utf8mb4_unicode_ci;

-- Dumping data for table knn.job_batches: ~0 rows (approximately)

-- Dumping structure for table knn.knn
CREATE TABLE IF NOT EXISTS `knn` (
  `id` bigint unsigned NOT NULL AUTO_INCREMENT,
  `id_item` bigint unsigned NOT NULL,
  `jumlah` int NOT NULL DEFAULT '1',
  `harga` int NOT NULL,
  `total` int NOT NULL,
  `created_at` timestamp NULL DEFAULT NULL,
  `updated_at` timestamp NULL DEFAULT NULL,
  PRIMARY KEY (`id`),
  KEY `knn_id_item_foreign` (`id_item`),
  CONSTRAINT `knn_id_item_foreign` FOREIGN KEY (`id_item`) REFERENCES `items` (`id`)
) ENGINE=InnoDB AUTO_INCREMENT=412 DEFAULT CHARSET=utf8mb4 COLLATE=utf8mb4_unicode_ci;

-- Dumping data for table knn.knn: ~411 rows (approximately)
INSERT INTO `knn` (`id`, `id_item`, `jumlah`, `harga`, `total`, `created_at`, `updated_at`) VALUES
	(1, 81, 4, 65000, 260000, '2024-01-01 16:00:00', NULL),
	(2, 83, 4, 75000, 300000, '2024-01-01 16:00:00', NULL),
	(3, 36, 4, 140000, 560000, '2024-01-01 16:00:00', NULL),
	(4, 78, 5, 35000, 175000, '2024-01-01 16:00:00', NULL),
	(5, 91, 4, 155000, 620000, '2024-02-01 16:00:00', NULL),
	(6, 95, 4, 160000, 640000, '2024-02-01 16:00:00', NULL),
	(7, 79, 3, 25000, 75000, '2024-02-01 16:00:00', NULL),
	(8, 77, 4, 55000, 220000, '2024-02-01 16:00:00', NULL),
	(9, 35, 3, 340000, 1020000, '2024-02-01 16:00:00', NULL),
	(10, 100, 5, 245000, 1225000, '2024-03-01 16:00:00', NULL),
	(11, 82, 4, 18000, 72000, '2024-03-01 16:00:00', NULL),
	(12, 84, 4, 20000, 80000, '2024-03-01 16:00:00', NULL),
	(13, 79, 3, 25000, 75000, '2024-03-01 16:00:00', NULL),
	(14, 76, 3, 39000, 117000, '2024-03-01 16:00:00', NULL),
	(15, 99, 5, 110000, 550000, '2024-04-01 16:00:00', NULL),
	(16, 86, 4, 120000, 480000, '2024-04-01 16:00:00', NULL),
	(17, 90, 4, 300000, 1200000, '2024-04-01 16:00:00', NULL),
	(18, 1, 3, 295000, 885000, '2024-04-01 16:00:00', NULL),
	(19, 92, 3, 260000, 780000, '2024-05-01 16:00:00', NULL),
	(20, 94, 4, 255000, 1020000, '2024-05-01 16:00:00', NULL),
	(21, 61, 3, 21000, 63000, '2024-05-01 16:00:00', NULL),
	(22, 51, 3, 235000, 705000, '2024-05-01 16:00:00', NULL),
	(23, 52, 3, 85000, 255000, '2024-05-01 16:00:00', NULL),
	(24, 87, 4, 180000, 720000, '2024-06-01 16:00:00', NULL),
	(25, 85, 4, 220000, 880000, '2024-06-01 16:00:00', NULL),
	(26, 2, 3, 130000, 390000, '2024-06-01 16:00:00', NULL),
	(27, 8, 3, 45000, 135000, '2024-06-01 16:00:00', NULL),
	(28, 5, 3, 140000, 420000, '2024-06-01 16:00:00', NULL),
	(29, 80, 3, 8000, 24000, '2024-07-01 16:00:00', NULL),
	(30, 96, 2, 100000, 200000, '2024-07-01 16:00:00', NULL),
	(31, 31, 4, 30000, 120000, '2024-07-01 16:00:00', NULL),
	(32, 18, 3, 45000, 135000, '2024-07-01 16:00:00', NULL),
	(33, 20, 3, 37000, 111000, '2024-07-01 16:00:00', NULL),
	(34, 97, 4, 230000, 920000, '2024-08-01 16:00:00', NULL),
	(35, 81, 4, 65000, 260000, '2024-08-01 16:00:00', NULL),
	(36, 83, 4, 75000, 300000, '2024-08-01 16:00:00', NULL),
	(37, 6, 3, 55000, 165000, '2024-08-01 16:00:00', NULL),
	(38, 18, 2, 45000, 90000, '2024-08-01 16:00:00', NULL),
	(39, 98, 3, 165000, 495000, '2024-08-01 16:00:00', NULL),
	(40, 82, 4, 18000, 72000, '2024-09-01 16:00:00', NULL),
	(41, 84, 4, 20000, 80000, '2024-09-01 16:00:00', NULL),
	(42, 85, 4, 220000, 880000, '2024-09-01 16:00:00', NULL),
	(43, 3, 2, 230000, 460000, '2024-09-01 16:00:00', NULL),
	(44, 4, 3, 75000, 225000, '2024-09-01 16:00:00', NULL),
	(45, 93, 5, 135000, 675000, '2024-10-01 16:00:00', NULL),
	(46, 6, 3, 55000, 165000, '2024-10-01 16:00:00', NULL),
	(47, 7, 3, 115000, 345000, '2024-10-01 16:00:00', NULL),
	(48, 89, 4, 400000, 1600000, '2024-10-01 16:00:00', NULL),
	(49, 7, 3, 55000, 165000, '2024-11-01 16:00:00', NULL),
	(50, 9, 3, 115000, 345000, '2024-11-01 16:00:00', NULL),
	(51, 10, 3, 45000, 135000, '2024-11-01 16:00:00', NULL),
	(52, 81, 4, 65000, 260000, '2024-11-01 16:00:00', NULL),
	(53, 83, 4, 75000, 300000, '2024-11-01 16:00:00', NULL),
	(54, 11, 3, 100000, 300000, '2024-12-01 16:00:00', NULL),
	(55, 15, 3, 130000, 390000, '2024-12-01 16:00:00', NULL),
	(56, 87, 4, 180000, 720000, '2024-12-01 16:00:00', NULL),
	(57, 99, 4, 110000, 440000, '2024-12-01 16:00:00', NULL),
	(58, 12, 3, 65000, 195000, '2024-02-12 16:00:00', NULL),
	(59, 14, 3, 50000, 150000, '2024-02-12 16:00:00', NULL),
	(60, 21, 3, 75000, 225000, '2024-02-12 16:00:00', NULL),
	(61, 30, 3, 55000, 165000, '2024-02-12 16:00:00', NULL),
	(62, 99, 4, 110000, 440000, '2024-02-12 16:00:00', NULL),
	(63, 60, 3, 39000, 117000, '2024-02-13 16:00:00', NULL),
	(64, 88, 2, 225000, 450000, '2024-02-13 16:00:00', NULL),
	(65, 71, 4, 250000, 1000000, '2024-02-13 16:00:00', NULL),
	(66, 68, 4, 46000, 184000, '2024-02-13 16:00:00', NULL),
	(67, 62, 3, 21000, 63000, '2024-02-14 16:00:00', NULL),
	(68, 38, 4, 20000, 80000, '2024-02-14 16:00:00', NULL),
	(69, 24, 4, 115000, 460000, '2024-02-14 16:00:00', NULL),
	(70, 91, 3, 155000, 465000, '2024-02-14 16:00:00', NULL),
	(71, 22, 4, 45000, 180000, '2024-02-15 16:00:00', NULL),
	(72, 34, 4, 500000, 2000000, '2024-02-15 16:00:00', NULL),
	(73, 31, 3, 30000, 90000, '2024-02-15 16:00:00', NULL),
	(74, 75, 3, 100000, 300000, '2024-02-15 16:00:00', NULL),
	(75, 100, 3, 245000, 735000, '2024-02-15 16:00:00', NULL),
	(76, 29, 3, 6000, 18000, '2024-02-16 16:00:00', NULL),
	(77, 66, 2, 42000, 84000, '2024-02-16 16:00:00', NULL),
	(78, 74, 3, 135000, 405000, '2024-02-16 16:00:00', NULL),
	(79, 72, 3, 180000, 540000, '2024-02-16 16:00:00', NULL),
	(80, 52, 3, 85000, 255000, '2024-02-17 16:00:00', NULL),
	(81, 53, 2, 210000, 420000, '2024-02-17 16:00:00', NULL),
	(82, 81, 4, 65000, 260000, '2024-02-17 16:00:00', NULL),
	(83, 83, 4, 75000, 300000, '2024-02-17 16:00:00', NULL),
	(84, 48, 3, 10000, 30000, '2024-02-17 16:00:00', NULL),
	(85, 4, 2, 75000, 150000, '2024-02-18 16:00:00', NULL),
	(86, 16, 3, 45000, 135000, '2024-02-18 16:00:00', NULL),
	(87, 20, 3, 37000, 111000, '2024-02-18 16:00:00', NULL),
	(88, 24, 2, 115000, 230000, '2024-02-18 16:00:00', NULL),
	(89, 31, 3, 30000, 90000, '2024-02-19 16:00:00', NULL),
	(90, 17, 3, 50000, 150000, '2024-02-19 16:00:00', NULL),
	(91, 25, 3, 130000, 390000, '2024-02-19 16:00:00', NULL),
	(92, 97, 4, 230000, 920000, '2024-02-19 16:00:00', NULL),
	(93, 40, 3, 20000, 60000, '2024-02-20 16:00:00', NULL),
	(94, 50, 4, 57000, 228000, '2024-02-20 16:00:00', NULL),
	(95, 57, 3, 30000, 90000, '2024-02-20 16:00:00', NULL),
	(96, 88, 4, 225000, 900000, '2024-02-20 16:00:00', NULL),
	(97, 46, 3, 435000, 1305000, '2024-02-21 16:00:00', NULL),
	(98, 44, 3, 80000, 240000, '2024-02-21 16:00:00', NULL),
	(99, 61, 3, 21000, 63000, '2024-02-21 16:00:00', NULL),
	(100, 82, 4, 18000, 72000, '2024-02-21 16:00:00', NULL),
	(101, 84, 4, 20000, 80000, '2024-02-21 16:00:00', NULL),
	(102, 70, 3, 155000, 465000, '2024-02-22 16:00:00', NULL),
	(103, 67, 3, 35000, 105000, '2024-02-22 16:00:00', NULL),
	(104, 45, 3, 100000, 300000, '2024-02-22 16:00:00', NULL),
	(105, 93, 4, 135000, 540000, '2024-02-22 16:00:00', NULL),
	(106, 92, 4, 260000, 1040000, '2024-02-23 16:00:00', NULL),
	(107, 23, 3, 110000, 330000, '2024-02-23 16:00:00', NULL),
	(108, 27, 3, 6000, 18000, '2024-02-23 16:00:00', NULL),
	(109, 33, 3, 4000, 12000, '2024-02-23 16:00:00', NULL),
	(110, 64, 4, 135000, 540000, '2024-02-23 16:00:00', NULL),
	(111, 94, 4, 255000, 1020000, '2024-02-24 16:00:00', NULL),
	(112, 32, 4, 65000, 260000, '2024-02-24 16:00:00', NULL),
	(113, 28, 4, 15000, 60000, '2024-02-24 16:00:00', NULL),
	(114, 26, 3, 16000, 48000, '2024-02-24 16:00:00', NULL),
	(115, 98, 4, 165000, 660000, '2024-02-25 16:00:00', NULL),
	(116, 81, 4, 65000, 260000, '2024-02-25 16:00:00', NULL),
	(117, 83, 4, 75000, 300000, '2024-02-25 16:00:00', NULL),
	(118, 91, 4, 155000, 620000, '2024-02-25 16:00:00', NULL),
	(119, 93, 5, 135000, 675000, '2024-02-25 16:00:00', NULL),
	(120, 100, 3, 245000, 735000, '2024-02-26 16:00:00', NULL),
	(121, 17, 2, 50000, 100000, '2024-02-26 16:00:00', NULL),
	(122, 90, 4, 300000, 1200000, '2024-02-26 16:00:00', NULL),
	(123, 67, 3, 35000, 105000, '2024-02-26 16:00:00', NULL),
	(124, 86, 4, 120000, 480000, '2024-02-27 16:00:00', NULL),
	(125, 65, 3, 95000, 285000, '2024-02-27 16:00:00', NULL),
	(126, 82, 4, 18000, 72000, '2024-02-27 16:00:00', NULL),
	(127, 84, 4, 20000, 80000, '2024-02-27 16:00:00', NULL),
	(128, 26, 3, 16000, 48000, '2024-02-27 16:00:00', NULL),
	(129, 89, 2, 4000000, 8000000, '2024-02-28 16:00:00', NULL),
	(130, 68, 3, 46000, 138000, '2024-02-28 16:00:00', NULL),
	(131, 87, 4, 180000, 720000, '2024-02-28 16:00:00', NULL),
	(132, 80, 3, 8000, 24000, '2024-02-28 16:00:00', NULL),
	(133, 99, 4, 110000, 440000, '2024-02-28 16:00:00', NULL),
	(134, 81, 4, 65000, 260000, '2024-01-02 16:00:00', NULL),
	(135, 83, 4, 75000, 300000, '2024-01-02 16:00:00', NULL),
	(136, 38, 3, 20000, 60000, '2024-01-02 16:00:00', NULL),
	(137, 67, 3, 35000, 105000, '2024-01-02 16:00:00', NULL),
	(138, 16, 2, 45000, 90000, '2024-01-02 16:00:00', NULL),
	(139, 93, 3, 135000, 405000, '2024-02-02 16:00:00', NULL),
	(140, 62, 3, 30000, 90000, '2024-02-02 16:00:00', NULL),
	(141, 45, 3, 100000, 300000, '2024-02-02 16:00:00', NULL),
	(142, 10, 3, 45000, 135000, '2024-02-02 16:00:00', NULL),
	(143, 82, 4, 18000, 72000, '2024-03-02 16:00:00', NULL),
	(144, 84, 4, 20000, 80000, '2024-03-02 16:00:00', NULL),
	(145, 20, 3, 37000, 111000, '2024-03-02 16:00:00', NULL),
	(146, 57, 4, 30000, 120000, '2024-03-02 16:00:00', NULL),
	(147, 30, 4, 55000, 220000, '2024-03-02 16:00:00', NULL),
	(148, 70, 3, 155000, 465000, '2024-04-02 16:00:00', NULL),
	(149, 96, 3, 100000, 300000, '2024-04-02 16:00:00', NULL),
	(150, 68, 3, 46000, 138000, '2024-04-02 16:00:00', NULL),
	(151, 60, 4, 39000, 156000, '2024-05-02 16:00:00', NULL),
	(152, 74, 4, 135000, 540000, '2024-05-02 16:00:00', NULL),
	(153, 34, 3, 500000, 1500000, '2024-05-02 16:00:00', NULL),
	(154, 19, 2, 45000, 90000, '2024-05-02 16:00:00', NULL),
	(155, 90, 2, 300000, 600000, '2024-05-02 16:00:00', NULL),
	(156, 90, 2, 300000, 600000, '2024-06-02 16:00:00', NULL),
	(157, 85, 3, 220000, 660000, '2024-06-02 16:00:00', NULL),
	(158, 58, 3, 35000, 105000, '2024-06-02 16:00:00', NULL),
	(159, 36, 3, 140000, 420000, '2024-06-02 16:00:00', NULL),
	(160, 1, 2, 295000, 590000, '2024-06-02 16:00:00', NULL),
	(161, 87, 4, 180000, 720000, '2024-07-02 16:00:00', NULL),
	(162, 35, 3, 340000, 1020000, '2024-07-02 16:00:00', NULL),
	(163, 12, 3, 65000, 195000, '2024-07-02 16:00:00', NULL),
	(164, 48, 3, 10000, 30000, '2024-07-02 16:00:00', NULL),
	(165, 55, 3, 55000, 165000, '2024-08-02 16:00:00', NULL),
	(166, 100, 4, 245000, 980000, '2024-08-02 16:00:00', NULL),
	(167, 98, 4, 165000, 660000, '2024-08-02 16:00:00', NULL),
	(168, 63, 4, 15000, 60000, '2024-08-02 16:00:00', NULL),
	(169, 86, 4, 120000, 480000, '2024-08-02 16:00:00', NULL),
	(170, 31, 4, 30000, 120000, '2024-09-02 16:00:00', NULL),
	(171, 24, 3, 115000, 345000, '2024-09-02 16:00:00', NULL),
	(172, 51, 4, 235000, 940000, '2024-09-02 16:00:00', NULL),
	(173, 78, 4, 35000, 140000, '2024-09-02 16:00:00', NULL),
	(174, 63, 4, 15000, 60000, '2024-09-02 16:00:00', NULL),
	(175, 65, 4, 95000, 380000, '2024-10-02 16:00:00', NULL),
	(176, 33, 3, 4000, 12000, '2024-10-02 16:00:00', NULL),
	(177, 47, 4, 210000, 840000, '2024-10-02 16:00:00', NULL),
	(178, 13, 3, 100000, 300000, '2024-10-02 16:00:00', NULL),
	(179, 92, 5, 260000, 1300000, '2024-10-02 16:00:00', NULL),
	(180, 71, 4, 250000, 1000000, '2024-11-02 16:00:00', NULL),
	(181, 66, 3, 42000, 126000, '2024-11-02 16:00:00', NULL),
	(182, 59, 3, 37000, 111000, '2024-11-02 16:00:00', NULL),
	(183, 6, 2, 55000, 110000, '2024-11-02 16:00:00', NULL),
	(184, 46, 3, 435000, 1305000, '2024-12-02 16:00:00', NULL),
	(185, 32, 3, 65000, 195000, '2024-12-02 16:00:00', NULL),
	(186, 61, 4, 21000, 84000, '2024-12-02 16:00:00', NULL),
	(187, 20, 2, 37000, 74000, '2024-12-02 16:00:00', NULL),
	(188, 88, 5, 225000, 1125000, '2024-12-02 16:00:00', NULL),
	(189, 81, 4, 65000, 260000, '2024-03-12 16:00:00', NULL),
	(190, 83, 4, 75000, 300000, '2024-03-12 16:00:00', NULL),
	(191, 86, 3, 120000, 360000, '2024-03-12 16:00:00', NULL),
	(192, 40, 3, 20000, 60000, '2024-03-12 16:00:00', NULL),
	(193, 18, 3, 45000, 135000, '2024-03-12 16:00:00', NULL),
	(194, 97, 4, 230000, 920000, '2024-03-13 16:00:00', NULL),
	(195, 69, 4, 140000, 560000, '2024-03-13 16:00:00', NULL),
	(196, 77, 4, 55000, 220000, '2024-03-13 16:00:00', NULL),
	(197, 54, 4, 35000, 140000, '2024-03-13 16:00:00', NULL),
	(198, 99, 4, 110000, 440000, '2024-03-14 16:00:00', NULL),
	(199, 28, 3, 15000, 45000, '2024-03-14 16:00:00', NULL),
	(200, 14, 3, 50000, 150000, '2024-03-14 16:00:00', NULL),
	(201, 43, 4, 85000, 340000, '2024-03-14 16:00:00', NULL),
	(202, 37, 4, 45000, 180000, '2024-03-14 16:00:00', NULL),
	(203, 95, 4, 160000, 640000, '2024-03-15 16:00:00', NULL),
	(204, 82, 4, 18000, 72000, '2024-03-15 16:00:00', NULL),
	(205, 84, 4, 20000, 80000, '2024-03-15 16:00:00', NULL),
	(206, 53, 3, 210000, 630000, '2024-03-15 16:00:00', NULL),
	(207, 89, 4, 400000, 1600000, '2024-03-16 16:00:00', NULL),
	(208, 75, 3, 100000, 300000, '2024-03-16 16:00:00', NULL),
	(209, 19, 3, 45000, 135000, '2024-03-16 16:00:00', NULL),
	(210, 23, 3, 110000, 330000, '2024-03-16 16:00:00', NULL),
	(211, 42, 4, 85000, 340000, '2024-03-16 16:00:00', NULL),
	(212, 91, 4, 155000, 620000, '2024-03-17 16:00:00', NULL),
	(213, 10, 2, 45000, 90000, '2024-03-17 16:00:00', NULL),
	(214, 3, 2, 230000, 460000, '2024-03-17 16:00:00', NULL),
	(215, 21, 3, 75000, 225000, '2024-03-17 16:00:00', NULL),
	(216, 22, 3, 45000, 135000, '2024-03-17 16:00:00', NULL),
	(217, 27, 3, 6000, 18000, '2024-03-18 16:00:00', NULL),
	(218, 25, 3, 130000, 390000, '2024-03-18 16:00:00', NULL),
	(219, 76, 3, 39000, 117000, '2024-03-18 16:00:00', NULL),
	(220, 44, 4, 80000, 320000, '2024-03-18 16:00:00', NULL),
	(221, 39, 3, 45000, 135000, '2024-03-18 16:00:00', NULL),
	(222, 72, 3, 180000, 540000, '2024-03-19 16:00:00', NULL),
	(223, 79, 2, 25000, 50000, '2024-03-19 16:00:00', NULL),
	(224, 49, 3, 37000, 111000, '2024-03-19 16:00:00', NULL),
	(225, 50, 2, 57000, 114000, '2024-03-19 16:00:00', NULL),
	(226, 73, 2, 130000, 260000, '2024-03-20 16:00:00', NULL),
	(227, 80, 2, 8000, 16000, '2024-03-20 16:00:00', NULL),
	(228, 50, 3, 57000, 171000, '2024-03-20 16:00:00', NULL),
	(229, 26, 3, 16000, 48000, '2024-03-20 16:00:00', NULL),
	(230, 21, 3, 75000, 225000, '2024-03-20 16:00:00', NULL),
	(231, 89, 3, 400000, 1200000, '2024-03-21 16:00:00', NULL),
	(232, 96, 2, 100000, 200000, '2024-03-21 16:00:00', NULL),
	(233, 85, 2, 220000, 440000, '2024-03-21 16:00:00', NULL),
	(234, 2, 3, 130000, 390000, '2024-03-21 16:00:00', NULL),
	(235, 100, 2, 245000, 490000, '2024-03-22 16:00:00', NULL),
	(236, 86, 2, 120000, 240000, '2024-03-22 16:00:00', NULL),
	(237, 88, 3, 225000, 675000, '2024-03-22 16:00:00', NULL),
	(238, 8, 3, 45000, 135000, '2024-03-22 16:00:00', NULL),
	(239, 17, 3, 50000, 150000, '2024-03-22 16:00:00', NULL),
	(240, 90, 4, 300000, 1200000, '2024-03-23 16:00:00', NULL),
	(241, 82, 2, 18000, 36000, '2024-03-23 16:00:00', NULL),
	(242, 84, 2, 20000, 40000, '2024-03-23 16:00:00', NULL),
	(243, 85, 3, 220000, 660000, '2024-03-23 16:00:00', NULL),
	(244, 5, 3, 140000, 420000, '2024-03-23 16:00:00', NULL),
	(245, 93, 2, 135000, 270000, '2024-03-24 16:00:00', NULL),
	(246, 52, 3, 85000, 255000, '2024-03-24 16:00:00', NULL),
	(247, 41, 3, 90000, 270000, '2024-03-24 16:00:00', NULL),
	(248, 97, 2, 230000, 460000, '2024-03-24 16:00:00', NULL),
	(249, 90, 2, 300000, 600000, '2024-03-25 16:00:00', NULL),
	(250, 94, 2, 255000, 510000, '2024-03-25 16:00:00', NULL),
	(251, 56, 3, 55000, 165000, '2024-03-25 16:00:00', NULL),
	(252, 87, 2, 180000, 360000, '2024-03-25 16:00:00', NULL),
	(253, 4, 2, 75000, 150000, '2024-03-25 16:00:00', NULL),
	(254, 87, 2, 180000, 360000, '2024-03-26 16:00:00', NULL),
	(255, 92, 2, 260000, 520000, '2024-03-26 16:00:00', NULL),
	(256, 4, 2, 75000, 150000, '2024-03-26 16:00:00', NULL),
	(257, 7, 3, 115000, 345000, '2024-03-26 16:00:00', NULL),
	(258, 98, 2, 165000, 330000, '2024-03-27 16:00:00', NULL),
	(259, 15, 3, 130000, 390000, '2024-03-27 16:00:00', NULL),
	(260, 99, 2, 110000, 220000, '2024-03-27 16:00:00', NULL),
	(261, 94, 2, 255000, 510000, '2024-03-27 16:00:00', NULL),
	(262, 78, 2, 35000, 70000, '2024-03-27 16:00:00', NULL),
	(263, 100, 2, 245000, 490000, '2024-03-28 16:00:00', NULL),
	(264, 95, 3, 160000, 480000, '2024-03-28 16:00:00', NULL),
	(265, 96, 3, 100000, 300000, '2024-03-28 16:00:00', NULL),
	(266, 29, 4, 6000, 24000, '2024-03-28 16:00:00', NULL),
	(267, 79, 2, 25000, 50000, '2024-03-29 16:00:00', NULL),
	(268, 99, 3, 110000, 330000, '2024-03-29 16:00:00', NULL),
	(269, 29, 2, 6000, 12000, '2024-03-29 16:00:00', NULL),
	(270, 80, 3, 8000, 24000, '2024-03-29 16:00:00', NULL),
	(271, 69, 2, 140000, 280000, '2024-03-29 16:00:00', NULL),
	(272, 11, 3, 100000, 300000, '2024-03-30 16:00:00', NULL),
	(273, 1, 3, 295000, 885000, '2024-03-30 16:00:00', NULL),
	(274, 9, 3, 115000, 345000, '2024-03-30 16:00:00', NULL),
	(275, 22, 3, 45000, 135000, '2024-03-30 16:00:00', NULL),
	(276, 82, 4, 18000, 72000, '2024-01-03 16:00:00', NULL),
	(277, 84, 4, 20000, 80000, '2024-01-03 16:00:00', NULL),
	(278, 76, 3, 39000, 117000, '2024-01-03 16:00:00', NULL),
	(279, 68, 4, 46000, 184000, '2024-01-03 16:00:00', NULL),
	(280, 40, 3, 20000, 60000, '2024-01-03 16:00:00', NULL),
	(281, 97, 4, 230000, 920000, '2024-02-03 16:00:00', NULL),
	(282, 57, 3, 30000, 90000, '2024-02-03 16:00:00', NULL),
	(283, 74, 3, 135000, 405000, '2024-02-03 16:00:00', NULL),
	(284, 70, 3, 155000, 465000, '2024-02-03 16:00:00', NULL),
	(285, 10, 2, 45000, 90000, '2024-02-03 16:00:00', NULL),
	(286, 86, 4, 120000, 480000, '2024-03-03 16:00:00', NULL),
	(287, 42, 3, 85000, 255000, '2024-03-03 16:00:00', NULL),
	(288, 39, 3, 45000, 135000, '2024-03-03 16:00:00', NULL),
	(289, 22, 3, 45000, 135000, '2024-03-03 16:00:00', NULL),
	(290, 47, 2, 210000, 420000, '2024-03-03 16:00:00', NULL),
	(291, 72, 3, 180000, 540000, '2024-04-03 16:00:00', NULL),
	(292, 81, 4, 65000, 260000, '2024-04-03 16:00:00', NULL),
	(293, 83, 4, 75000, 300000, '2024-04-03 16:00:00', NULL),
	(294, 64, 3, 135000, 405000, '2024-04-03 16:00:00', NULL),
	(295, 36, 2, 140000, 280000, '2024-04-03 16:00:00', NULL),
	(296, 90, 4, 300000, 1200000, '2024-05-03 16:00:00', NULL),
	(297, 69, 3, 140000, 420000, '2024-05-03 16:00:00', NULL),
	(298, 37, 2, 45000, 90000, '2024-05-03 16:00:00', NULL),
	(299, 66, 3, 42000, 126000, '2024-05-03 16:00:00', NULL),
	(300, 89, 4, 400000, 1600000, '2024-05-03 16:00:00', NULL),
	(301, 63, 3, 150000, 450000, '2024-06-03 16:00:00', NULL),
	(302, 33, 2, 4000, 8000, '2024-06-03 16:00:00', NULL),
	(303, 78, 3, 35000, 105000, '2024-06-03 16:00:00', NULL),
	(304, 46, 2, 435000, 870000, '2024-06-03 16:00:00', NULL),
	(305, 91, 4, 155000, 620000, '2024-07-03 16:00:00', NULL),
	(306, 71, 3, 250000, 750000, '2024-07-03 16:00:00', NULL),
	(307, 100, 4, 245000, 980000, '2024-07-03 16:00:00', NULL),
	(308, 65, 3, 95000, 285000, '2024-07-03 16:00:00', NULL),
	(309, 92, 4, 260000, 1040000, '2024-08-03 16:00:00', NULL),
	(310, 85, 4, 220000, 880000, '2024-08-03 16:00:00', NULL),
	(311, 38, 2, 20000, 40000, '2024-08-03 16:00:00', NULL),
	(312, 99, 4, 110000, 440000, '2024-08-03 16:00:00', NULL),
	(313, 73, 3, 130000, 390000, '2024-08-03 16:00:00', NULL),
	(314, 98, 4, 165000, 660000, '2024-09-03 16:00:00', NULL),
	(315, 88, 4, 225000, 900000, '2025-09-03 16:00:00', NULL),
	(316, 94, 4, 255000, 1020000, '2026-09-03 16:00:00', NULL),
	(317, 79, 2, 25000, 50000, '2027-09-03 16:00:00', NULL),
	(318, 93, 4, 135000, 540000, '2024-10-03 16:00:00', NULL),
	(319, 87, 3, 180000, 540000, '2024-10-03 16:00:00', NULL),
	(320, 86, 3, 120000, 360000, '2024-10-03 16:00:00', NULL),
	(321, 75, 2, 100000, 200000, '2024-10-03 16:00:00', NULL),
	(322, 77, 3, 55000, 165000, '2024-10-03 16:00:00', NULL),
	(323, 98, 4, 165000, 660000, '2024-11-03 16:00:00', NULL),
	(324, 64, 3, 135000, 405000, '2024-11-03 16:00:00', NULL),
	(325, 65, 3, 95000, 285000, '2024-11-03 16:00:00', NULL),
	(326, 58, 2, 35000, 70000, '2024-11-03 16:00:00', NULL),
	(327, 60, 3, 39000, 117000, '2024-11-03 16:00:00', NULL),
	(328, 96, 4, 100000, 400000, '2024-12-03 16:00:00', NULL),
	(329, 59, 2, 37000, 74000, '2024-12-03 16:00:00', NULL),
	(330, 61, 3, 210000, 630000, '2024-12-03 16:00:00', NULL),
	(331, 49, 2, 37000, 74000, '2024-12-03 16:00:00', NULL),
	(332, 34, 2, 500000, 1000000, '2024-12-03 16:00:00', NULL),
	(333, 62, 3, 30000, 90000, '2024-04-12 16:00:00', NULL),
	(334, 73, 3, 130000, 390000, '2024-04-12 16:00:00', NULL),
	(335, 39, 2, 45000, 90000, '2024-04-12 16:00:00', NULL),
	(336, 41, 2, 90000, 180000, '2024-04-12 16:00:00', NULL),
	(337, 50, 2, 57000, 114000, '2024-04-13 16:00:00', NULL),
	(338, 54, 3, 35000, 105000, '2024-04-13 16:00:00', NULL),
	(339, 51, 2, 235000, 470000, '2024-04-13 16:00:00', NULL),
	(340, 43, 2, 85000, 170000, '2024-04-13 16:00:00', NULL),
	(341, 48, 2, 10000, 20000, '2024-04-13 16:00:00', NULL),
	(342, 56, 2, 55000, 110000, '2024-04-14 16:00:00', NULL),
	(343, 53, 2, 210000, 420000, '2024-04-14 16:00:00', NULL),
	(344, 30, 2, 55000, 110000, '2024-04-14 16:00:00', NULL),
	(345, 23, 2, 110000, 220000, '2024-04-14 16:00:00', NULL),
	(346, 11, 2, 100000, 200000, '2024-04-15 16:00:00', NULL),
	(347, 10, 2, 45000, 90000, '2024-04-15 16:00:00', NULL),
	(348, 28, 2, 15000, 30000, '2024-04-15 16:00:00', NULL),
	(349, 29, 2, 6000, 12000, '2024-04-15 16:00:00', NULL),
	(350, 17, 2, 50000, 100000, '2024-04-15 16:00:00', NULL),
	(351, 10, 2, 45000, 90000, '2024-04-16 16:00:00', NULL),
	(352, 19, 2, 45000, 90000, '2024-04-16 16:00:00', NULL),
	(353, 24, 2, 115000, 230000, '2024-04-16 16:00:00', NULL),
	(354, 92, 2, 260000, 520000, '2024-04-16 16:00:00', NULL),
	(355, 6, 2, 55000, 110000, '2024-04-17 16:00:00', NULL),
	(356, 18, 2, 45000, 90000, '2024-04-17 16:00:00', NULL),
	(357, 25, 2, 130000, 260000, '2024-04-17 16:00:00', NULL),
	(358, 17, 2, 50000, 100000, '2024-04-17 16:00:00', NULL),
	(359, 13, 2, 100000, 200000, '2024-04-18 16:00:00', NULL),
	(360, 26, 2, 16000, 32000, '2024-04-18 16:00:00', NULL),
	(361, 45, 2, 100000, 200000, '2024-04-18 16:00:00', NULL),
	(362, 52, 2, 85000, 170000, '2024-04-18 16:00:00', NULL),
	(363, 8, 2, 45000, 90000, '2024-04-19 16:00:00', NULL),
	(364, 16, 2, 45000, 90000, '2024-04-19 16:00:00', NULL),
	(365, 21, 2, 75000, 150000, '2024-04-19 16:00:00', NULL),
	(366, 27, 2, 6000, 12000, '2024-04-19 16:00:00', NULL),
	(367, 15, 2, 130000, 260000, '2024-04-20 16:00:00', NULL),
	(368, 14, 2, 50000, 100000, '2024-04-20 16:00:00', NULL),
	(369, 9, 2, 115000, 230000, '2024-04-20 16:00:00', NULL),
	(370, 16, 2, 45000, 90000, '2024-04-20 16:00:00', NULL),
	(371, 7, 2, 115000, 230000, '2024-04-20 16:00:00', NULL),
	(372, 12, 2, 65000, 130000, '2024-04-21 16:00:00', NULL),
	(373, 1, 2, 295000, 590000, '2024-04-21 16:00:00', NULL),
	(374, 31, 2, 30000, 60000, '2024-04-21 16:00:00', NULL),
	(375, 92, 3, 260000, 780000, '2024-04-21 16:00:00', NULL),
	(376, 2, 2, 130000, 260000, '2024-04-22 16:00:00', NULL),
	(377, 85, 2, 220000, 440000, '2024-04-22 16:00:00', NULL),
	(378, 90, 2, 300000, 600000, '2024-04-22 16:00:00', NULL),
	(379, 80, 2, 8000, 16000, '2024-04-22 16:00:00', NULL),
	(380, 4, 2, 75000, 150000, '2024-04-23 16:00:00', NULL),
	(381, 99, 2, 110000, 220000, '2024-04-23 16:00:00', NULL),
	(382, 74, 2, 135000, 270000, '2024-04-23 16:00:00', NULL),
	(383, 48, 2, 10000, 20000, '2024-04-23 16:00:00', NULL),
	(384, 55, 2, 55000, 110000, '2024-04-23 16:00:00', NULL),
	(385, 3, 2, 230000, 460000, '2024-04-24 16:00:00', NULL),
	(386, 21, 2, 75000, 150000, '2024-04-24 16:00:00', NULL),
	(387, 5, 2, 140000, 280000, '2024-04-24 16:00:00', NULL),
	(388, 68, 2, 46000, 92000, '2024-04-24 16:00:00', NULL),
	(389, 97, 2, 230000, 460000, '2024-04-24 16:00:00', NULL),
	(390, 93, 2, 135000, 270000, '2024-04-25 16:00:00', NULL),
	(391, 44, 2, 80000, 160000, '2024-04-25 16:00:00', NULL),
	(392, 32, 2, 65000, 130000, '2024-04-25 16:00:00', NULL),
	(393, 96, 2, 100000, 200000, '2024-04-25 16:00:00', NULL),
	(394, 94, 2, 255000, 510000, '2024-04-26 16:00:00', NULL),
	(395, 44, 2, 80000, 160000, '2024-04-26 16:00:00', NULL),
	(396, 55, 2, 55000, 110000, '2024-04-26 16:00:00', NULL),
	(397, 88, 2, 225000, 450000, '2024-04-26 16:00:00', NULL),
	(398, 91, 2, 155000, 310000, '2024-04-27 16:00:00', NULL),
	(399, 95, 2, 160000, 320000, '2024-04-27 16:00:00', NULL),
	(400, 69, 2, 140000, 280000, '2024-04-27 16:00:00', NULL),
	(401, 71, 2, 250000, 500000, '2024-04-27 16:00:00', NULL),
	(402, 82, 2, 18000, 36000, '2024-04-28 16:00:00', NULL),
	(403, 84, 2, 20000, 40000, '2024-04-28 16:00:00', NULL),
	(404, 98, 2, 165000, 330000, '2024-04-28 16:00:00', NULL),
	(405, 75, 2, 100000, 200000, '2024-04-28 16:00:00', NULL),
	(406, 70, 2, 155000, 310000, '2024-04-28 16:00:00', NULL),
	(407, 81, 2, 65000, 130000, '2024-04-29 16:00:00', NULL),
	(408, 83, 2, 75000, 150000, '2024-04-29 16:00:00', NULL),
	(409, 100, 2, 245000, 490000, '2024-04-29 16:00:00', NULL),
	(410, 69, 2, 140000, 280000, '2024-04-29 16:00:00', NULL),
	(411, 79, 2, 25000, 50000, '2024-04-29 16:00:00', NULL);

-- Dumping structure for table knn.migrations
CREATE TABLE IF NOT EXISTS `migrations` (
  `id` int unsigned NOT NULL AUTO_INCREMENT,
  `migration` varchar(255) COLLATE utf8mb4_unicode_ci NOT NULL,
  `batch` int NOT NULL,
  PRIMARY KEY (`id`)
) ENGINE=InnoDB AUTO_INCREMENT=10 DEFAULT CHARSET=utf8mb4 COLLATE=utf8mb4_unicode_ci;

-- Dumping data for table knn.migrations: ~1 rows (approximately)
INSERT INTO `migrations` (`id`, `migration`, `batch`) VALUES
	(1, '0001_01_01_000000_create_users_table', 1),
	(2, '0001_01_01_000001_create_cache_table', 1),
	(3, '0001_01_01_000002_create_jobs_table', 1),
	(4, '2024_05_15_052726_create_items_table', 1),
	(5, '2024_05_15_053335_create_employees_table', 1),
	(6, '2024_05_15_053336_create_sales_table', 1),
	(7, '2024_05_15_053808_create_baskets_table', 1),
	(8, '2024_05_16_073231_create_knn_table', 1),
	(9, '2024_06_05_054732_update_employees_table', 1);

-- Dumping structure for table knn.password_reset_tokens
CREATE TABLE IF NOT EXISTS `password_reset_tokens` (
  `email` varchar(255) COLLATE utf8mb4_unicode_ci NOT NULL,
  `token` varchar(255) COLLATE utf8mb4_unicode_ci NOT NULL,
  `created_at` timestamp NULL DEFAULT NULL,
  PRIMARY KEY (`email`)
) ENGINE=InnoDB DEFAULT CHARSET=utf8mb4 COLLATE=utf8mb4_unicode_ci;

-- Dumping data for table knn.password_reset_tokens: ~0 rows (approximately)

-- Dumping structure for table knn.sales
CREATE TABLE IF NOT EXISTS `sales` (
  `id` bigint unsigned NOT NULL AUTO_INCREMENT,
  `id_employees` bigint unsigned NOT NULL,
  `id_item` bigint unsigned NOT NULL,
  `kode_nota` varchar(255) COLLATE utf8mb4_unicode_ci NOT NULL,
  `jumlah` int NOT NULL DEFAULT '1',
  `harga` int NOT NULL,
  `diskon` int NOT NULL DEFAULT '0',
  `total` int NOT NULL,
  `created_at` timestamp NULL DEFAULT NULL,
  `updated_at` timestamp NULL DEFAULT NULL,
  PRIMARY KEY (`id`),
  KEY `sales_id_employees_foreign` (`id_employees`),
  KEY `sales_id_item_foreign` (`id_item`),
  CONSTRAINT `sales_id_employees_foreign` FOREIGN KEY (`id_employees`) REFERENCES `employees` (`id`),
  CONSTRAINT `sales_id_item_foreign` FOREIGN KEY (`id_item`) REFERENCES `items` (`id`)
) ENGINE=InnoDB DEFAULT CHARSET=utf8mb4 COLLATE=utf8mb4_unicode_ci;

-- Dumping data for table knn.sales: ~0 rows (approximately)

-- Dumping structure for table knn.sessions
CREATE TABLE IF NOT EXISTS `sessions` (
  `id` varchar(255) COLLATE utf8mb4_unicode_ci NOT NULL,
  `user_id` bigint unsigned DEFAULT NULL,
  `ip_address` varchar(45) COLLATE utf8mb4_unicode_ci DEFAULT NULL,
  `user_agent` text COLLATE utf8mb4_unicode_ci,
  `payload` longtext COLLATE utf8mb4_unicode_ci NOT NULL,
  `last_activity` int NOT NULL,
  PRIMARY KEY (`id`),
  KEY `sessions_user_id_index` (`user_id`),
  KEY `sessions_last_activity_index` (`last_activity`)
) ENGINE=InnoDB DEFAULT CHARSET=utf8mb4 COLLATE=utf8mb4_unicode_ci;

-- Dumping data for table knn.sessions: ~1 rows (approximately)
INSERT INTO `sessions` (`id`, `user_id`, `ip_address`, `user_agent`, `payload`, `last_activity`) VALUES
	('fDYGu902KszteMlNUR65J4R4GWi3gmhueqwD202I', 1, '127.0.0.1', 'Mozilla/5.0 (Windows NT 10.0; Win64; x64) AppleWebKit/537.36 (KHTML, like Gecko) Chrome/125.0.0.0 Safari/537.36', 'YTo0OntzOjY6Il90b2tlbiI7czo0MDoiTWFMYUs1VmxYYjNqbmp2YVBxbWM0T1Q1UmhqMzYzbHlENUdjdEhyWSI7czo2OiJfZmxhc2giO2E6Mjp7czozOiJuZXciO2E6MDp7fXM6Mzoib2xkIjthOjA6e319czo5OiJfcHJldmlvdXMiO2E6MTp7czozOiJ1cmwiO3M6MzY6Imh0dHA6Ly8xMjcuMC4wLjE6ODAwMC9hZG1pbi9lbXBsb3llZSI7fXM6NTA6ImxvZ2luX3dlYl81OWJhMzZhZGRjMmIyZjk0MDE1ODBmMDE0YzdmNThlYTRlMzA5ODlkIjtpOjE7fQ==', 1718290758);

-- Dumping structure for table knn.users
CREATE TABLE IF NOT EXISTS `users` (
  `id` bigint unsigned NOT NULL AUTO_INCREMENT,
  `name` varchar(255) COLLATE utf8mb4_unicode_ci NOT NULL,
  `email` varchar(255) COLLATE utf8mb4_unicode_ci NOT NULL,
  `role` varchar(255) COLLATE utf8mb4_unicode_ci NOT NULL DEFAULT 'employee',
  `email_verified_at` timestamp NULL DEFAULT NULL,
  `password` varchar(255) COLLATE utf8mb4_unicode_ci NOT NULL,
  `remember_token` varchar(100) COLLATE utf8mb4_unicode_ci DEFAULT NULL,
  `created_at` timestamp NULL DEFAULT NULL,
  `updated_at` timestamp NULL DEFAULT NULL,
  PRIMARY KEY (`id`),
  UNIQUE KEY `users_email_unique` (`email`)
) ENGINE=InnoDB AUTO_INCREMENT=2 DEFAULT CHARSET=utf8mb4 COLLATE=utf8mb4_unicode_ci;

-- Dumping data for table knn.users: ~1 rows (approximately)
INSERT INTO `users` (`id`, `name`, `email`, `role`, `email_verified_at`, `password`, `remember_token`, `created_at`, `updated_at`) VALUES
	(1, 'Admin', 'admin@gmail.com', 'admin', NULL, '$2y$12$fA8RJXEZIqKwBZjXZlXqKuiMcFQv0UQmPkd84FMErY1L3WMLef/XG', NULL, '2024-06-12 05:36:14', NULL);

/*!40103 SET TIME_ZONE=IFNULL(@OLD_TIME_ZONE, 'system') */;
/*!40101 SET SQL_MODE=IFNULL(@OLD_SQL_MODE, '') */;
/*!40014 SET FOREIGN_KEY_CHECKS=IFNULL(@OLD_FOREIGN_KEY_CHECKS, 1) */;
/*!40101 SET CHARACTER_SET_CLIENT=@OLD_CHARACTER_SET_CLIENT */;
/*!40111 SET SQL_NOTES=IFNULL(@OLD_SQL_NOTES, 1) */;
